<?xml version="1.0" encoding="UTF-8"?><rss version="2.0"
	xmlns:content="http://purl.org/rss/1.0/modules/content/"
	xmlns:dc="http://purl.org/dc/elements/1.1/"
	xmlns:atom="http://www.w3.org/2005/Atom"
	xmlns:sy="http://purl.org/rss/1.0/modules/syndication/"
	
	>
<channel>
	<title>
	Comments on: 𝗧𝗵𝗲 𝗦𝗲𝗰𝗿𝗲𝘁 𝗧𝗼 𝗖𝗹𝗲𝗮𝗻 𝗔𝗻𝗱 𝗥𝗲𝗮𝗱𝘆-𝗳𝗼𝗿-𝗔𝗻𝗮𝗹𝘆𝘀𝗶𝘀 𝗗𝗮𝘁𝗮: 𝗗𝗮𝘁𝗮 𝗖𝗹𝗲𝗮𝗻𝗶𝗻𝗴 𝗣𝗿𝗮𝗰𝘁𝗶𝗰𝗲𝘀 𝗙𝗼𝗿 𝗘𝗳𝗳𝗶𝗰𝗶𝗲𝗻𝗰𝘆	</title>
	<atom:link href="/%F0%9D%97%A7%F0%9D%97%B5%F0%9D%97%B2-%F0%9D%97%A6%F0%9D%97%B2%F0%9D%97%B0%F0%9D%97%BF%F0%9D%97%B2%F0%9D%98%81-%F0%9D%97%A7%F0%9D%97%BC-%F0%9D%97%96%F0%9D%97%B9%F0%9D%97%B2%F0%9D%97%AE%F0%9D%97%BB/feed/" rel="self" type="application/rss+xml" />
	<link>/%f0%9d%97%a7%f0%9d%97%b5%f0%9d%97%b2-%f0%9d%97%a6%f0%9d%97%b2%f0%9d%97%b0%f0%9d%97%bf%f0%9d%97%b2%f0%9d%98%81-%f0%9d%97%a7%f0%9d%97%bc-%f0%9d%97%96%f0%9d%97%b9%f0%9d%97%b2%f0%9d%97%ae%f0%9d%97%bb/</link>
	<description></description>
	<lastBuildDate>Thu, 23 Jan 2025 15:03:37 +0000</lastBuildDate>
	<sy:updatePeriod>
	hourly	</sy:updatePeriod>
	<sy:updateFrequency>
	1	</sy:updateFrequency>
	<generator>https://wordpress.org/?v=6.7.1</generator>
</channel>
</rss>
