<?xml version="1.0" encoding="UTF-8"?><rss version="2.0"
	xmlns:content="http://purl.org/rss/1.0/modules/content/"
	xmlns:dc="http://purl.org/dc/elements/1.1/"
	xmlns:atom="http://www.w3.org/2005/Atom"
	xmlns:sy="http://purl.org/rss/1.0/modules/syndication/"
	
	>
<channel>
	<title>
	Comments on: 𝗛𝘆𝗽𝗲𝗿𝗽𝗮𝗿𝗮𝗺𝗲𝘁𝗲𝗿 𝗧𝘂𝗻𝗶𝗻𝗴 𝗳𝗼𝗿 𝗢𝗽𝘁𝗶𝗺𝗮𝗹 𝗠𝗼𝗱𝗲𝗹 𝗣𝗲𝗿𝗳𝗼𝗿𝗺𝗮𝗻𝗰𝗲	</title>
	<atom:link href="/%F0%9D%97%9B%F0%9D%98%86%F0%9D%97%BD%F0%9D%97%B2%F0%9D%97%BF%F0%9D%97%BD%F0%9D%97%AE%F0%9D%97%BF%F0%9D%97%AE%F0%9D%97%BA%F0%9D%97%B2%F0%9D%98%81%F0%9D%97%B2%F0%9D%97%BF-%F0%9D%97%A7%F0%9D%98%82/feed/" rel="self" type="application/rss+xml" />
	<link>/%f0%9d%97%9b%f0%9d%98%86%f0%9d%97%bd%f0%9d%97%b2%f0%9d%97%bf%f0%9d%97%bd%f0%9d%97%ae%f0%9d%97%bf%f0%9d%97%ae%f0%9d%97%ba%f0%9d%97%b2%f0%9d%98%81%f0%9d%97%b2%f0%9d%97%bf-%f0%9d%97%a7%f0%9d%98%82/</link>
	<description></description>
	<lastBuildDate>Thu, 23 Jan 2025 14:58:14 +0000</lastBuildDate>
	<sy:updatePeriod>
	hourly	</sy:updatePeriod>
	<sy:updateFrequency>
	1	</sy:updateFrequency>
	<generator>https://wordpress.org/?v=6.7.1</generator>
</channel>
</rss>
