<?xml version="1.0" encoding="UTF-8"?><rss version="2.0"
	xmlns:content="http://purl.org/rss/1.0/modules/content/"
	xmlns:wfw="http://wellformedweb.org/CommentAPI/"
	xmlns:dc="http://purl.org/dc/elements/1.1/"
	xmlns:atom="http://www.w3.org/2005/Atom"
	xmlns:sy="http://purl.org/rss/1.0/modules/syndication/"
	xmlns:slash="http://purl.org/rss/1.0/modules/slash/"
	>

<channel>
	<title>Zeyad The Data Scientist</title>
	<atom:link href="/feed/" rel="self" type="application/rss+xml" />
	<link>/</link>
	<description></description>
	<lastBuildDate>Thu, 23 Jan 2025 15:03:37 +0000</lastBuildDate>
	<language>en-US</language>
	<sy:updatePeriod>
	hourly	</sy:updatePeriod>
	<sy:updateFrequency>
	1	</sy:updateFrequency>
	<generator>https://wordpress.org/?v=6.7.1</generator>

<image>
	<url>/wp-content/uploads/2025/01/cropped-Empty-32x32.png</url>
	<title>Zeyad The Data Scientist</title>
	<link>/</link>
	<width>32</width>
	<height>32</height>
</image> 
	<item>
		<title>𝗧𝗵𝗲 𝗦𝗲𝗰𝗿𝗲𝘁 𝗧𝗼 𝗖𝗹𝗲𝗮𝗻 𝗔𝗻𝗱 𝗥𝗲𝗮𝗱𝘆-𝗳𝗼𝗿-𝗔𝗻𝗮𝗹𝘆𝘀𝗶𝘀 𝗗𝗮𝘁𝗮: 𝗗𝗮𝘁𝗮 𝗖𝗹𝗲𝗮𝗻𝗶𝗻𝗴 𝗣𝗿𝗮𝗰𝘁𝗶𝗰𝗲𝘀 𝗙𝗼𝗿 𝗘𝗳𝗳𝗶𝗰𝗶𝗲𝗻𝗰𝘆</title>
		<link>/%f0%9d%97%a7%f0%9d%97%b5%f0%9d%97%b2-%f0%9d%97%a6%f0%9d%97%b2%f0%9d%97%b0%f0%9d%97%bf%f0%9d%97%b2%f0%9d%98%81-%f0%9d%97%a7%f0%9d%97%bc-%f0%9d%97%96%f0%9d%97%b9%f0%9d%97%b2%f0%9d%97%ae%f0%9d%97%bb/</link>
					<comments>/%f0%9d%97%a7%f0%9d%97%b5%f0%9d%97%b2-%f0%9d%97%a6%f0%9d%97%b2%f0%9d%97%b0%f0%9d%97%bf%f0%9d%97%b2%f0%9d%98%81-%f0%9d%97%a7%f0%9d%97%bc-%f0%9d%97%96%f0%9d%97%b9%f0%9d%97%b2%f0%9d%97%ae%f0%9d%97%bb/#respond</comments>
		
		<dc:creator><![CDATA[zeyadsayed]]></dc:creator>
		<pubDate>Thu, 23 Jan 2025 15:03:37 +0000</pubDate>
				<category><![CDATA[Uncategorized]]></category>
		<guid isPermaLink="false">/?p=139</guid>

					<description><![CDATA[It’s said that 80% of a data scientist’s time is spent cleaning data, but how much of that effort truly makes a difference? The answer lies in adopting efficient, systematic practices for data cleaning. 𝗧𝗵𝗲 𝗚𝗼𝗮𝗹 𝗼𝗳 𝗗𝗮𝘁𝗮 𝗖𝗹𝗲𝗮𝗻𝗶𝗻𝗴Data cleaning isn’t just about removing errors — it’s about transforming raw data into a trustworthy foundation [&#8230;]]]></description>
										<content:encoded><![CDATA[
<p>It’s said that 80% of a data scientist’s time is spent cleaning data, but how much of that effort truly makes a difference? The answer lies in adopting efficient, systematic practices for data cleaning.<br><br>𝗧𝗵𝗲 𝗚𝗼𝗮𝗹 𝗼𝗳 𝗗𝗮𝘁𝗮 𝗖𝗹𝗲𝗮𝗻𝗶𝗻𝗴<br>Data cleaning isn’t just about removing errors — it’s about transforming raw data into a trustworthy foundation for analysis and modeling. Clean data leads to reliable insights, reduced errors, and better decision-making.<br>𝗖𝗼𝗺𝗺𝗼𝗻 𝗗𝗮𝘁𝗮 𝗜𝘀𝘀𝘂𝗲𝘀 𝗮𝗻𝗱 𝗛𝗼𝘄 𝗧𝗼 𝗔𝗱𝗱𝗿𝗲𝘀𝘀 𝗧𝗵𝗲𝗺<br><br>1&#xfe0f;&#x20e3; Missing Values:<br>Problem: Missing data can skew analysis and models.<br>Solutions:<br>Drop rows or columns if missing values are insignificant.<br>Impute values using statistical methods (mean, median) or advanced techniques like KNN imputation.<br>2&#xfe0f;&#x20e3; Outliers:<br>Problem: Outliers can distort statistical measures and models.<br>Solutions:<br>Detect using boxplots or Z-scores.<br>Treat by capping values or using robust models less sensitive to outliers.<br>3&#xfe0f;&#x20e3; Inconsistent Formatting:<br>Problem: Inconsistent formats can cause errors in data processing.<br>Solutions:<br>Standardize formats for dates, categories, and text.<br>Use libraries like pandas to streamline conversions.<br>4&#xfe0f;&#x20e3; Duplicate Entries:<br>Problem: Duplicate rows inflate dataset size and bias results.<br>Solution: Use functions like drop_duplicates() in Python to eliminate redundancies.<br>5&#xfe0f;&#x20e3; Irrelevant Features:<br>Problem: Extraneous columns increase model complexity without adding value.<br>Solution: Use feature selection methods to focus on the most relevant attributes.<br><br>𝗣𝗿𝗮𝗰𝘁𝗶𝗰𝗮𝗹 𝗧𝗶𝗽𝘀 𝗙𝗼𝗿 𝗘𝗳𝗳𝗶𝗰𝗶𝗲𝗻𝘁 𝗗𝗮𝘁𝗮 𝗖𝗹𝗲𝗮𝗻𝗶𝗻𝗴<br>Automate Repetitive Tasks: Use scripts to handle repetitive cleaning tasks efficiently.<br>Document Everything: Maintain clear documentation to replicate cleaning processes.<br>Leverage Tools: Tools like OpenRefine or libraries such as pandas and dplyr can significantly speed up cleaning workflows.<br>Validate Regularly: Check cleaned data with exploratory analysis to ensure accuracy.<br><br>𝗧𝗮𝗸𝗲𝗮𝘄𝗮𝘆<br>A clean dataset isn’t just a technical requirement — it’s the backbone of every successful data science project. By prioritizing data cleaning, you’ll set the stage for accurate models and impactful insights.<br>What’s your go-to strategy for tackling messy datasets? Share your thoughts in the comments!</p>



<figure class="wp-block-image size-full"><img fetchpriority="high" decoding="async" width="800" height="450" src="/wp-content/uploads/2025/01/image-29.png" alt="" class="wp-image-148" srcset="/wp-content/uploads/2025/01/image-29.png 800w, /wp-content/uploads/2025/01/image-29-300x169.png 300w, /wp-content/uploads/2025/01/image-29-768x432.png 768w" sizes="(max-width: 800px) 100vw, 800px" /></figure>
]]></content:encoded>
					
					<wfw:commentRss>/%f0%9d%97%a7%f0%9d%97%b5%f0%9d%97%b2-%f0%9d%97%a6%f0%9d%97%b2%f0%9d%97%b0%f0%9d%97%bf%f0%9d%97%b2%f0%9d%98%81-%f0%9d%97%a7%f0%9d%97%bc-%f0%9d%97%96%f0%9d%97%b9%f0%9d%97%b2%f0%9d%97%ae%f0%9d%97%bb/feed/</wfw:commentRss>
			<slash:comments>0</slash:comments>
		
		
			</item>
		<item>
		<title>𝗔𝘂𝘁𝗼𝗺𝗹: 𝗘𝗹𝗲𝘃𝗮𝘁𝗶𝗻𝗴 𝗗𝗮𝘁𝗮 𝗦𝗰𝗶𝗲𝗻𝗰𝗲 𝗘𝗳𝗳𝗶𝗰𝗶𝗲𝗻𝗰𝘆 𝗪𝗶𝘁𝗵 𝗔𝘂𝘁𝗼𝗺𝗮𝘁𝗶𝗼𝗻</title>
		<link>/%f0%9d%97%94%f0%9d%98%82%f0%9d%98%81%f0%9d%97%bc%f0%9d%97%ba%f0%9d%97%b9-%f0%9d%97%98%f0%9d%97%b9%f0%9d%97%b2%f0%9d%98%83%f0%9d%97%ae%f0%9d%98%81%f0%9d%97%b6%f0%9d%97%bb%f0%9d%97%b4-%f0%9d%97%97/</link>
					<comments>/%f0%9d%97%94%f0%9d%98%82%f0%9d%98%81%f0%9d%97%bc%f0%9d%97%ba%f0%9d%97%b9-%f0%9d%97%98%f0%9d%97%b9%f0%9d%97%b2%f0%9d%98%83%f0%9d%97%ae%f0%9d%98%81%f0%9d%97%b6%f0%9d%97%bb%f0%9d%97%b4-%f0%9d%97%97/#respond</comments>
		
		<dc:creator><![CDATA[zeyadsayed]]></dc:creator>
		<pubDate>Thu, 23 Jan 2025 15:00:56 +0000</pubDate>
				<category><![CDATA[Uncategorized]]></category>
		<guid isPermaLink="false">/?p=137</guid>

					<description><![CDATA[Building machine learning models is no longer limited to coding from scratch. With AutoML tools, you can automate repetitive tasks, accelerate experimentation, and focus on crafting meaningful solutions. 𝗪𝗵𝗮𝘁 𝗶𝘀 𝗔𝘂𝘁𝗼𝗠𝗟?Automated Machine Learning (AutoML) involves automating the process of applying machine learning to real-world problems. From data preprocessing and feature engineering to model selection and [&#8230;]]]></description>
										<content:encoded><![CDATA[
<p>Building machine learning models is no longer limited to coding from scratch. With AutoML tools, you can automate repetitive tasks, accelerate experimentation, and focus on crafting meaningful solutions.<br><br>𝗪𝗵𝗮𝘁 𝗶𝘀 𝗔𝘂𝘁𝗼𝗠𝗟?<br>Automated Machine Learning (AutoML) involves automating the process of applying machine learning to real-world problems. From data preprocessing and feature engineering to model selection and hyperparameter tuning, AutoML simplifies and speeds up the pipeline.<br><br>𝗞𝗲𝘆 𝗕𝗲𝗻𝗲𝗳𝗶𝘁𝘀 𝗼𝗳 𝗔𝘂𝘁𝗼𝗠𝗟<br>1&#xfe0f;&#x20e3; Efficiency: Reduce the time spent on trial-and-error by leveraging algorithms to find optimal solutions.<br>2&#xfe0f;&#x20e3; Accessibility: Democratize machine learning, making it easier for non-experts to build predictive models.<br>3&#xfe0f;&#x20e3; Performance: Often achieves competitive results with carefully tuned models.<br><br>𝗣𝗼𝗽𝘂𝗹𝗮𝗿 𝗔𝘂𝘁𝗼𝗠𝗟 𝗧𝗼𝗼𝗹𝘀<br><a href="http://h2o.ai/">H2O.ai</a>: Open-source platform offering advanced features like AutoML pipelines and interpretability tools.<br>Google AutoML: Ideal for image, text, and tabular data with minimal coding.<br>Auto-sklearn: Builds upon scikit-learn to deliver robust and automated model selection and hyperparameter tuning.<br>PyCaret: An end-to-end solution for rapid model building and deployment.<br><br>𝗧𝗵𝗶𝗻𝗸𝗶𝗻𝗴 𝗕𝗲𝘆𝗼𝗻𝗱 𝗔𝘂𝘁𝗼𝗺𝗮𝘁𝗶𝗼𝗻<br>While AutoML is powerful, it’s not a substitute for expertise. Human judgment is critical in:<br>Feature Engineering: AutoML doesn’t inherently understand domain-specific insights.<br>Interpretability: Understanding why a model works is as important as how well it performs.<br>Ethical Considerations: Automated systems can propagate biases if not monitored carefully.<br><br>𝗥𝗲𝗮𝗹-𝗪𝗼𝗿𝗹𝗱 𝗔𝗽𝗽𝗹𝗶𝗰𝗮𝘁𝗶𝗼𝗻𝘀<br>Whether you’re optimizing marketing campaigns, forecasting sales, or improving healthcare outcomes, AutoML can provide a head start while allowing you to concentrate on strategic decisions.<br><br>𝗤𝘂𝗲𝘀𝘁𝗶𝗼𝗻 𝗳𝗼𝗿 𝗬𝗼𝘂<br>What’s your experience with AutoML? Do you think it complements or disrupts traditional data science workflows? Share your thoughts below!</p>



<figure class="wp-block-image size-full"><img decoding="async" width="800" height="418" src="/wp-content/uploads/2025/01/image-28.png" alt="" class="wp-image-146" srcset="/wp-content/uploads/2025/01/image-28.png 800w, /wp-content/uploads/2025/01/image-28-300x157.png 300w, /wp-content/uploads/2025/01/image-28-768x401.png 768w" sizes="(max-width: 800px) 100vw, 800px" /></figure>
]]></content:encoded>
					
					<wfw:commentRss>/%f0%9d%97%94%f0%9d%98%82%f0%9d%98%81%f0%9d%97%bc%f0%9d%97%ba%f0%9d%97%b9-%f0%9d%97%98%f0%9d%97%b9%f0%9d%97%b2%f0%9d%98%83%f0%9d%97%ae%f0%9d%98%81%f0%9d%97%b6%f0%9d%97%bb%f0%9d%97%b4-%f0%9d%97%97/feed/</wfw:commentRss>
			<slash:comments>0</slash:comments>
		
		
			</item>
		<item>
		<title>𝗧𝗵𝗲 𝗔𝗿𝘁 𝗮𝗻𝗱 𝗦𝗰𝗶𝗲𝗻𝗰𝗲 𝗼𝗳 𝗙𝗲𝗮𝘁𝘂𝗿𝗲 𝗦𝗲𝗹𝗲𝗰𝘁𝗶𝗼𝗻: 𝗠𝗮𝗸𝗶𝗻𝗴 𝗬𝗼𝘂𝗿 𝗗𝗮𝘁𝗮 𝗪𝗼𝗿𝗸 𝗦𝗺𝗮𝗿𝘁𝗲𝗿</title>
		<link>/%f0%9d%97%a7%f0%9d%97%b5%f0%9d%97%b2-%f0%9d%97%94%f0%9d%97%bf%f0%9d%98%81-%f0%9d%97%ae%f0%9d%97%bb%f0%9d%97%b1-%f0%9d%97%a6%f0%9d%97%b0%f0%9d%97%b6%f0%9d%97%b2%f0%9d%97%bb%f0%9d%97%b0%f0%9d%97%b2/</link>
					<comments>/%f0%9d%97%a7%f0%9d%97%b5%f0%9d%97%b2-%f0%9d%97%94%f0%9d%97%bf%f0%9d%98%81-%f0%9d%97%ae%f0%9d%97%bb%f0%9d%97%b1-%f0%9d%97%a6%f0%9d%97%b0%f0%9d%97%b6%f0%9d%97%b2%f0%9d%97%bb%f0%9d%97%b0%f0%9d%97%b2/#respond</comments>
		
		<dc:creator><![CDATA[zeyadsayed]]></dc:creator>
		<pubDate>Thu, 23 Jan 2025 15:00:38 +0000</pubDate>
				<category><![CDATA[Uncategorized]]></category>
		<guid isPermaLink="false">/?p=136</guid>

					<description><![CDATA[Feature selection is a cornerstone of data science that often determines the success of a machine learning model. By focusing on the most relevant data points, you boost model performance, reduce overfitting, and improve interpretability. 𝗪𝗵𝘆 𝗙𝗲𝗮𝘁𝘂𝗿𝗲 𝗦𝗲𝗹𝗲𝗰𝘁𝗶𝗼𝗻 𝗠𝗮𝘁𝘁𝗲𝗿𝘀High-dimensional datasets can overwhelm models, leading to longer training times and less reliable predictions. Choosing the right [&#8230;]]]></description>
										<content:encoded><![CDATA[
<p>Feature selection is a cornerstone of data science that often determines the success of a machine learning model. By focusing on the most relevant data points, you boost model performance, reduce overfitting, and improve interpretability.<br><br>𝗪𝗵𝘆 𝗙𝗲𝗮𝘁𝘂𝗿𝗲 𝗦𝗲𝗹𝗲𝗰𝘁𝗶𝗼𝗻 𝗠𝗮𝘁𝘁𝗲𝗿𝘀<br>High-dimensional datasets can overwhelm models, leading to longer training times and less reliable predictions. Choosing the right features ensures your model learns effectively and avoids being distracted by irrelevant noise.<br><br>𝗣𝗼𝗽𝘂𝗹𝗮𝗿 𝗔𝗽𝗽𝗿𝗼𝗮𝗰𝗵𝗲𝘀 𝘁𝗼 𝗙𝗲𝗮𝘁𝘂𝗿𝗲 𝗦𝗲𝗹𝗲𝗰𝘁𝗶𝗼𝗻<br>1&#xfe0f;&#x20e3; Filter Methods:<br>These evaluate features based on statistical tests, like correlation coefficients or mutual information.<br>Example: Dropping highly correlated features to reduce multicollinearity.<br>2&#xfe0f;&#x20e3; Wrapper Methods:<br>Test feature subsets by training models on them and selecting the ones with the best performance.<br>Example: Recursive Feature Elimination (RFE).<br>3&#xfe0f;&#x20e3; Embedded Methods:<br>Integrate feature selection into model training.<br>Example: LASSO regression automatically selects features by shrinking less relevant coefficients to zero.<br><br>𝗧𝗶𝗽𝘀 𝗳𝗼𝗿 𝗣𝗿𝗮𝗰𝘁𝗶𝗰𝗮𝗹 𝗔𝗽𝗽𝗹𝗶𝗰𝗮𝘁𝗶𝗼𝗻<br>Start Simple: Use domain knowledge to filter out irrelevant features before diving into complex methods.<br>Handle Multicollinearity: Use VIF (Variance Inflation Factor) to identify and manage redundant predictors.<br>Automate with Libraries: Tools like sklearn&#8217;s SelectKBest or Boruta for tree-based models can save time.<br>Iterate and Validate: Continuously refine your feature set as you gain insights from model performance.<br><br>𝗞𝗲𝘆 𝗤𝘂𝗲𝘀𝘁𝗶𝗼𝗻𝘀 𝗳𝗼𝗿 𝗘𝘃𝗲𝗿𝘆 𝗗𝗮𝘁𝗮 𝗦𝗰𝗶𝗲𝗻𝘁𝗶𝘀𝘁<br>Are my chosen features adding predictive value?<br>Can I explain the significance of each feature to stakeholders?<br>Is my model overfitting due to unnecessary complexity?<br>By mastering feature selection, you elevate the quality of your models and deliver results that truly matter. What&#8217;s your go-to feature selection technique? Let’s discuss in the comments!</p>



<figure class="wp-block-image size-full"><img decoding="async" width="596" height="450" src="/wp-content/uploads/2025/01/image-27.png" alt="" class="wp-image-144" srcset="/wp-content/uploads/2025/01/image-27.png 596w, /wp-content/uploads/2025/01/image-27-300x227.png 300w" sizes="(max-width: 596px) 100vw, 596px" /></figure>
]]></content:encoded>
					
					<wfw:commentRss>/%f0%9d%97%a7%f0%9d%97%b5%f0%9d%97%b2-%f0%9d%97%94%f0%9d%97%bf%f0%9d%98%81-%f0%9d%97%ae%f0%9d%97%bb%f0%9d%97%b1-%f0%9d%97%a6%f0%9d%97%b0%f0%9d%97%b6%f0%9d%97%b2%f0%9d%97%bb%f0%9d%97%b0%f0%9d%97%b2/feed/</wfw:commentRss>
			<slash:comments>0</slash:comments>
		
		
			</item>
		<item>
		<title>🔐 𝗔𝗜 + 𝗖𝘆𝗯𝗲𝗿𝘀𝗲𝗰𝘂𝗿𝗶𝘁𝘆: 𝗔 𝗡𝗲𝘄 𝗗𝗮𝘄𝗻 🔍</title>
		<link>/%f0%9f%94%90-%f0%9d%97%94%f0%9d%97%9c-%f0%9d%97%96%f0%9d%98%86%f0%9d%97%af%f0%9d%97%b2%f0%9d%97%bf%f0%9d%98%80%f0%9d%97%b2%f0%9d%97%b0%f0%9d%98%82%f0%9d%97%bf%f0%9d%97%b6%f0%9d%98%81%f0%9d%98%86/</link>
					<comments>/%f0%9f%94%90-%f0%9d%97%94%f0%9d%97%9c-%f0%9d%97%96%f0%9d%98%86%f0%9d%97%af%f0%9d%97%b2%f0%9d%97%bf%f0%9d%98%80%f0%9d%97%b2%f0%9d%97%b0%f0%9d%98%82%f0%9d%97%bf%f0%9d%97%b6%f0%9d%98%81%f0%9d%98%86/#respond</comments>
		
		<dc:creator><![CDATA[zeyadsayed]]></dc:creator>
		<pubDate>Thu, 23 Jan 2025 15:00:19 +0000</pubDate>
				<category><![CDATA[Uncategorized]]></category>
		<guid isPermaLink="false">/?p=135</guid>

					<description><![CDATA[Cybersecurity is evolving rapidly, and AI is at the forefront. Advancements in LLMs and RL are ushering in an era where AI predicts, prevents, and learns from threats, redefining what&#8217;s possible.💻 𝗔𝗜&#8217;𝘀 𝗜𝗺𝗽𝗮𝗰𝘁:𝐒𝐮𝐩𝐞𝐫𝐜𝐡𝐚𝐫𝐠𝐞𝐝 𝐏𝐞𝐧𝐭𝐞𝐬𝐭𝐢𝐧𝐠: LLMs simulate advanced cyberattacks, exposing vulnerabilities traditional tools miss. They explain root causes and suggest fixes. Imagine AI analyzing millions of [&#8230;]]]></description>
										<content:encoded><![CDATA[
<p>Cybersecurity is evolving rapidly, and AI is at the forefront. Advancements in LLMs and RL are ushering in an era where AI predicts, prevents, and learns from threats, redefining what&#8217;s possible.<br><img src="https://s.w.org/images/core/emoji/15.0.3/72x72/1f4bb.png" alt="💻" class="wp-smiley" style="height: 1em; max-height: 1em;" /> 𝗔𝗜&#8217;𝘀 𝗜𝗺𝗽𝗮𝗰𝘁:<br>𝐒𝐮𝐩𝐞𝐫𝐜𝐡𝐚𝐫𝐠𝐞𝐝 𝐏𝐞𝐧𝐭𝐞𝐬𝐭𝐢𝐧𝐠: LLMs simulate advanced cyberattacks, exposing vulnerabilities traditional tools miss. They explain root causes and suggest fixes. Imagine AI analyzing millions of code lines in hours, detecting exploits, and recommending secure coding practices.<br>𝐀𝐝𝐚𝐩𝐭𝐢𝐯𝐞 𝐃𝐞𝐟𝐞𝐧𝐬𝐞𝐬: AI systems continuously evolve to counter threats. Through RL, they adapt based on real-world attack patterns, neutralizing threats before escalation.<br>𝐏𝐫𝐨𝐚𝐜𝐭𝐢𝐯𝐞 𝐏𝐫𝐨𝐭𝐞𝐜𝐭𝐢𝐨𝐧: AI-powered cybersecurity predicts and mitigates attacks by analyzing network traffic, user behavior, and vulnerabilities. This proactive approach keeps organizations ahead of threats.<br><img src="https://s.w.org/images/core/emoji/15.0.3/72x72/1f680.png" alt="🚀" class="wp-smiley" style="height: 1em; max-height: 1em;" /> 𝐀 𝐍𝐞𝐰 𝐏𝐚𝐫𝐚𝐝𝐢𝐠𝐦:<br>Cybersecurity and AI are converging, forming a cutting-edge discipline. This fusion will protect technologies across industries, from healthcare and finance to government and IoT.<br><img src="https://s.w.org/images/core/emoji/15.0.3/72x72/1f4a1.png" alt="💡" class="wp-smiley" style="height: 1em; max-height: 1em;" /> 𝐓𝐡𝐞 𝐅𝐮𝐭𝐮𝐫𝐞:<br>Imagine intelligent systems that adapt and evolve autonomously. This could:<br>𝐓𝐫𝐚𝐧𝐬𝐟𝐨𝐫𝐦 𝐈𝐧𝐝𝐮𝐬𝐭𝐫𝐢𝐞𝐬: Prevent data breaches, saving billions.<br>𝐑𝐞𝐛𝐮𝐢𝐥𝐝 𝐓𝐫𝐮𝐬𝐭: Ensure security at scale, boosting consumer confidence.<br>Unleash Innovation: Secure environments encourage faster adoption of new technologies.<br><img src="https://s.w.org/images/core/emoji/15.0.3/72x72/1f449.png" alt="👉" class="wp-smiley" style="height: 1em; max-height: 1em;" /> 𝐋𝐞𝐭&#8217;𝐬 𝐒𝐡𝐚𝐩𝐞 𝐭𝐡𝐞 𝐅𝐮𝐭𝐮𝐫𝐞:<br>How could AI-powered cybersecurity revolutionize your industry? What excites you about intelligent, adaptive defenses? What challenges should we address?<br>Together, we can innovate the future of security. This is our responsibility to shape a safer digital world.</p>



<figure class="wp-block-image size-full"><img loading="lazy" decoding="async" width="800" height="800" src="/wp-content/uploads/2025/01/image-26.png" alt="" class="wp-image-142" srcset="/wp-content/uploads/2025/01/image-26.png 800w, /wp-content/uploads/2025/01/image-26-300x300.png 300w, /wp-content/uploads/2025/01/image-26-150x150.png 150w, /wp-content/uploads/2025/01/image-26-768x768.png 768w, /wp-content/uploads/2025/01/image-26-75x75.png 75w" sizes="auto, (max-width: 800px) 100vw, 800px" /></figure>
]]></content:encoded>
					
					<wfw:commentRss>/%f0%9f%94%90-%f0%9d%97%94%f0%9d%97%9c-%f0%9d%97%96%f0%9d%98%86%f0%9d%97%af%f0%9d%97%b2%f0%9d%97%bf%f0%9d%98%80%f0%9d%97%b2%f0%9d%97%b0%f0%9d%98%82%f0%9d%97%bf%f0%9d%97%b6%f0%9d%98%81%f0%9d%98%86/feed/</wfw:commentRss>
			<slash:comments>0</slash:comments>
		
		
			</item>
		<item>
		<title>𝗧𝗵𝗲 𝗕𝗶𝗮𝘀-𝗩𝗮𝗿𝗶𝗮𝗻𝗰𝗲 𝗧𝗿𝗮𝗱𝗲𝗼𝗳𝗳 𝗶𝗻 𝗠𝗮𝗰𝗵𝗶𝗻𝗲 𝗟𝗲𝗮𝗿𝗻𝗶𝗻𝗴: 𝗦𝘁𝗿𝗶𝗸𝗶𝗻𝗴 𝘁𝗵𝗲 𝗥𝗶𝗴𝗵𝘁 𝗕𝗮𝗹𝗮𝗻𝗰𝗲</title>
		<link>/%f0%9d%97%a7%f0%9d%97%b5%f0%9d%97%b2-%f0%9d%97%95%f0%9d%97%b6%f0%9d%97%ae%f0%9d%98%80-%f0%9d%97%a9%f0%9d%97%ae%f0%9d%97%bf%f0%9d%97%b6%f0%9d%97%ae%f0%9d%97%bb%f0%9d%97%b0%f0%9d%97%b2-%f0%9d%97%a7/</link>
					<comments>/%f0%9d%97%a7%f0%9d%97%b5%f0%9d%97%b2-%f0%9d%97%95%f0%9d%97%b6%f0%9d%97%ae%f0%9d%98%80-%f0%9d%97%a9%f0%9d%97%ae%f0%9d%97%bf%f0%9d%97%b6%f0%9d%97%ae%f0%9d%97%bb%f0%9d%97%b0%f0%9d%97%b2-%f0%9d%97%a7/#respond</comments>
		
		<dc:creator><![CDATA[zeyadsayed]]></dc:creator>
		<pubDate>Thu, 23 Jan 2025 14:59:51 +0000</pubDate>
				<category><![CDATA[Uncategorized]]></category>
		<guid isPermaLink="false">/?p=134</guid>

					<description><![CDATA[⚖️ 𝑺𝒕𝒓𝒖𝒈𝒈𝒍𝒊𝒏𝒈 𝒘𝒊𝒕𝒉 𝒖𝒏𝒅𝒆𝒓𝒇𝒊𝒕𝒕𝒊𝒏𝒈 𝒐𝒓 𝒐𝒗𝒆𝒓𝒇𝒊𝒕𝒕𝒊𝒏𝒈 𝒚𝒐𝒖𝒓 𝒎𝒂𝒄𝒉𝒊𝒏𝒆 𝒍𝒆𝒂𝒓𝒏𝒊𝒏𝒈 𝒎𝒐𝒅𝒆𝒍𝒔?Understanding the bias-variance tradeoff is essential for achieving the perfect balance between model complexity and generalization. 𝗪𝗵𝗮𝘁 𝗶𝘀 𝘁𝗵𝗲 𝗕𝗶𝗮𝘀-𝗩𝗮𝗿𝗶𝗮𝗻𝗰𝗲 𝗧𝗿𝗮𝗱𝗲𝗼𝗳𝗳?1-𝑩𝒊𝒂𝒔:The error introduced by approximating a real-world problem with a simpler model. High bias typically leads to underfitting, where the model is too simplistic and fails [&#8230;]]]></description>
										<content:encoded><![CDATA[
<p><img src="https://s.w.org/images/core/emoji/15.0.3/72x72/2696.png" alt="⚖" class="wp-smiley" style="height: 1em; max-height: 1em;" /> 𝑺𝒕𝒓𝒖𝒈𝒈𝒍𝒊𝒏𝒈 𝒘𝒊𝒕𝒉 𝒖𝒏𝒅𝒆𝒓𝒇𝒊𝒕𝒕𝒊𝒏𝒈 𝒐𝒓 𝒐𝒗𝒆𝒓𝒇𝒊𝒕𝒕𝒊𝒏𝒈 𝒚𝒐𝒖𝒓 𝒎𝒂𝒄𝒉𝒊𝒏𝒆 𝒍𝒆𝒂𝒓𝒏𝒊𝒏𝒈 𝒎𝒐𝒅𝒆𝒍𝒔?<br>Understanding the bias-variance tradeoff is essential for achieving the perfect balance between model complexity and generalization.<br><br>𝗪𝗵𝗮𝘁 𝗶𝘀 𝘁𝗵𝗲 𝗕𝗶𝗮𝘀-𝗩𝗮𝗿𝗶𝗮𝗻𝗰𝗲 𝗧𝗿𝗮𝗱𝗲𝗼𝗳𝗳?<br>1-𝑩𝒊𝒂𝒔:<br>The error introduced by approximating a real-world problem with a simpler model. High bias typically leads to underfitting, where the model is too simplistic and fails to capture important patterns in the data.<br>2-𝑽𝒂𝒓𝒊𝒂𝒏𝒄𝒆:<br>The error introduced by the model’s sensitivity to small fluctuations in the training data. High variance typically leads to overfitting, where the model learns the noise and outliers in the data rather than the underlying patterns.<br><br>𝗕𝗮𝗹𝗮𝗻𝗰𝗶𝗻𝗴 𝗕𝗶𝗮𝘀 𝗮𝗻𝗱 𝗩𝗮𝗿𝗶𝗮𝗻𝗰𝗲:<br>&#8211; 𝑯𝒊𝒈𝒉 𝑩𝒊𝒂𝒔, 𝑳𝒐𝒘 𝑽𝒂𝒓𝒊𝒂𝒏𝒄𝒆 (𝑼𝒏𝒅𝒆𝒓𝒇𝒊𝒕𝒕𝒊𝒏𝒈):<br>A model with too much simplification that can’t capture the complexity of the data.<br>&#8211; 𝑳𝒐𝒘 𝑩𝒊𝒂𝒔, 𝑯𝒊𝒈𝒉 𝑽𝒂𝒓𝒊𝒂𝒏𝒄𝒆 (𝑶𝒗𝒆𝒓𝒇𝒊𝒕𝒕𝒊𝒏𝒈):<br>A model that fits the training data very well but performs poorly on new, unseen data due to overfitting to the noise.<br><br>𝗛𝗼𝘄 𝘁𝗼 𝗧𝗮𝗰𝗸𝗹𝗲 𝘁𝗵𝗲 𝗕𝗶𝗮𝘀-𝗩𝗮𝗿𝗶𝗮𝗻𝗰𝗲 𝗧𝗿𝗮𝗱𝗲𝗼𝗳𝗳:<br>1-𝑹𝒆𝒅𝒖𝒄𝒆 𝑩𝒊𝒂𝒔:<br>Use more complex models like decision trees, random forests, or neural networks.<br>Add more features or use feature engineering techniques.<br>2-𝑹𝒆𝒅𝒖𝒄𝒆 𝑽𝒂𝒓𝒊𝒂𝒏𝒄𝒆:<br>Simplify the model, reducing the number of features or increasing regularization.<br>Use techniques like cross-validation to ensure the model generalizes well.<br>3-𝑭𝒊𝒏𝒅 𝒕𝒉𝒆 𝑺𝒘𝒆𝒆𝒕 𝑺𝒑𝒐𝒕:<br>The goal is to strike the right balance between bias and variance for the best predictive performance.<br>Regularization techniques like L1 (Lasso) and L2 (Ridge) regularization can help control variance without introducing too much bias.<br><br>𝗪𝗵𝘆 𝗜𝘁 𝗠𝗮𝘁𝘁𝗲𝗿𝘀:<br><img src="https://s.w.org/images/core/emoji/15.0.3/72x72/2705.png" alt="✅" class="wp-smiley" style="height: 1em; max-height: 1em;" /> Ensures your model generalizes well to new data<br><img src="https://s.w.org/images/core/emoji/15.0.3/72x72/2705.png" alt="✅" class="wp-smiley" style="height: 1em; max-height: 1em;" /> Improves predictive accuracy by avoiding underfitting and overfitting<br><img src="https://s.w.org/images/core/emoji/15.0.3/72x72/2705.png" alt="✅" class="wp-smiley" style="height: 1em; max-height: 1em;" /> Helps in selecting the right model complexity for your data<br>Mastering the bias-variance tradeoff is key to building reliable, high-performance models. It’s all about finding that sweet spot for optimal performance!</p>



<figure class="wp-block-image size-full"><img loading="lazy" decoding="async" width="614" height="456" src="/wp-content/uploads/2025/01/image-25.png" alt="" class="wp-image-140" srcset="/wp-content/uploads/2025/01/image-25.png 614w, /wp-content/uploads/2025/01/image-25-300x223.png 300w" sizes="auto, (max-width: 614px) 100vw, 614px" /></figure>
]]></content:encoded>
					
					<wfw:commentRss>/%f0%9d%97%a7%f0%9d%97%b5%f0%9d%97%b2-%f0%9d%97%95%f0%9d%97%b6%f0%9d%97%ae%f0%9d%98%80-%f0%9d%97%a9%f0%9d%97%ae%f0%9d%97%bf%f0%9d%97%b6%f0%9d%97%ae%f0%9d%97%bb%f0%9d%97%b0%f0%9d%97%b2-%f0%9d%97%a7/feed/</wfw:commentRss>
			<slash:comments>0</slash:comments>
		
		
			</item>
		<item>
		<title>𝗛𝘆𝗽𝗲𝗿𝗽𝗮𝗿𝗮𝗺𝗲𝘁𝗲𝗿 𝗧𝘂𝗻𝗶𝗻𝗴 𝗳𝗼𝗿 𝗢𝗽𝘁𝗶𝗺𝗮𝗹 𝗠𝗼𝗱𝗲𝗹 𝗣𝗲𝗿𝗳𝗼𝗿𝗺𝗮𝗻𝗰𝗲</title>
		<link>/%f0%9d%97%9b%f0%9d%98%86%f0%9d%97%bd%f0%9d%97%b2%f0%9d%97%bf%f0%9d%97%bd%f0%9d%97%ae%f0%9d%97%bf%f0%9d%97%ae%f0%9d%97%ba%f0%9d%97%b2%f0%9d%98%81%f0%9d%97%b2%f0%9d%97%bf-%f0%9d%97%a7%f0%9d%98%82/</link>
					<comments>/%f0%9d%97%9b%f0%9d%98%86%f0%9d%97%bd%f0%9d%97%b2%f0%9d%97%bf%f0%9d%97%bd%f0%9d%97%ae%f0%9d%97%bf%f0%9d%97%ae%f0%9d%97%ba%f0%9d%97%b2%f0%9d%98%81%f0%9d%97%b2%f0%9d%97%bf-%f0%9d%97%a7%f0%9d%98%82/#respond</comments>
		
		<dc:creator><![CDATA[zeyadsayed]]></dc:creator>
		<pubDate>Thu, 23 Jan 2025 14:58:14 +0000</pubDate>
				<category><![CDATA[Uncategorized]]></category>
		<guid isPermaLink="false">/?p=131</guid>

					<description><![CDATA[⚙️ 𝑾𝒂𝒏𝒕 𝒕𝒐 𝒈𝒆𝒕 𝒕𝒉𝒆 𝒎𝒐𝒔𝒕 𝒐𝒖𝒕 𝒐𝒇 𝒚𝒐𝒖𝒓 𝒎𝒂𝒄𝒉𝒊𝒏𝒆 𝒍𝒆𝒂𝒓𝒏𝒊𝒏𝒈 𝒎𝒐𝒅𝒆𝒍?The key to unlocking a model’s full potential lies in fine-tuning its hyperparameters. Hyperparameter tuning is the process of selecting the optimal values for the hyperparameters that control model training, such as learning rate, number of trees, or hidden layer size. 𝗣𝗼𝗽𝘂𝗹𝗮𝗿 𝗛𝘆𝗽𝗲𝗿𝗽𝗮𝗿𝗮𝗺𝗲𝘁𝗲𝗿 𝗧𝘂𝗻𝗶𝗻𝗴 [&#8230;]]]></description>
										<content:encoded><![CDATA[
<p><img src="https://s.w.org/images/core/emoji/15.0.3/72x72/2699.png" alt="⚙" class="wp-smiley" style="height: 1em; max-height: 1em;" /> 𝑾𝒂𝒏𝒕 𝒕𝒐 𝒈𝒆𝒕 𝒕𝒉𝒆 𝒎𝒐𝒔𝒕 𝒐𝒖𝒕 𝒐𝒇 𝒚𝒐𝒖𝒓 𝒎𝒂𝒄𝒉𝒊𝒏𝒆 𝒍𝒆𝒂𝒓𝒏𝒊𝒏𝒈 𝒎𝒐𝒅𝒆𝒍?<br>The key to unlocking a model’s full potential lies in fine-tuning its hyperparameters. Hyperparameter tuning is the process of selecting the optimal values for the hyperparameters that control model training, such as learning rate, number of trees, or hidden layer size.<br><br>𝗣𝗼𝗽𝘂𝗹𝗮𝗿 𝗛𝘆𝗽𝗲𝗿𝗽𝗮𝗿𝗮𝗺𝗲𝘁𝗲𝗿 𝗧𝘂𝗻𝗶𝗻𝗴 𝗧𝗲𝗰𝗵𝗻𝗶𝗾𝘂𝗲𝘀:<br>1-𝑮𝒓𝒊𝒅 𝑺𝒆𝒂𝒓𝒄𝒉:<br>An exhaustive search over a specified parameter grid. While it’s thorough, it can be computationally expensive, especially with large datasets.<br>2-𝑹𝒂𝒏𝒅𝒐𝒎 𝑺𝒆𝒂𝒓𝒄𝒉:<br>Randomly selects values from the parameter grid. It’s less computationally intensive and often leads to good results faster than grid search.<br>3-𝑩𝒂𝒚𝒆𝒔𝒊𝒂𝒏 𝑶𝒑𝒕𝒊𝒎𝒊𝒛𝒂𝒕𝒊𝒐𝒏:<br>Uses a probabilistic model to predict the best hyperparameters based on previous tests. It&#8217;s more efficient than grid and random search, especially for complex models.<br>4-𝑮𝒆𝒏𝒆𝒕𝒊𝒄 𝑨𝒍𝒈𝒐𝒓𝒊𝒕𝒉𝒎𝒔:<br>Mimics natural selection to find optimal hyperparameter configurations, especially in more complex search spaces.<br>5-𝑨𝒖𝒕𝒐𝒎𝒂𝒕𝒆𝒅 𝑯𝒚𝒑𝒆𝒓𝒑𝒂𝒓𝒂𝒎𝒆𝒕𝒆𝒓 𝑻𝒖𝒏𝒊𝒏𝒈 (𝑨𝒖𝒕𝒐𝑴𝑳):<br>Tools like AutoKeras and <a href="http://h2o.ai/">H2O.ai</a> can automate hyperparameter optimization, making it accessible even to those without deep machine learning expertise.<br><br>𝗪𝗵𝘆 𝗛𝘆𝗽𝗲𝗿𝗽𝗮𝗿𝗮𝗺𝗲𝘁𝗲𝗿 𝗧𝘂𝗻𝗶𝗻𝗴 𝗶𝘀 𝗜𝗺𝗽𝗼𝗿𝘁𝗮𝗻𝘁:<br><img src="https://s.w.org/images/core/emoji/15.0.3/72x72/2705.png" alt="✅" class="wp-smiley" style="height: 1em; max-height: 1em;" /> Helps improve model accuracy<br><img src="https://s.w.org/images/core/emoji/15.0.3/72x72/2705.png" alt="✅" class="wp-smiley" style="height: 1em; max-height: 1em;" /> Prevents overfitting or underfitting<br><img src="https://s.w.org/images/core/emoji/15.0.3/72x72/2705.png" alt="✅" class="wp-smiley" style="height: 1em; max-height: 1em;" /> Can reduce training time or computational resources with the right configuration<br>Take your models to the next level by investing time in tuning their hyperparameters!</p>



<figure class="wp-block-image size-full"><img loading="lazy" decoding="async" width="800" height="320" src="/wp-content/uploads/2025/01/image-24.png" alt="" class="wp-image-132" srcset="/wp-content/uploads/2025/01/image-24.png 800w, /wp-content/uploads/2025/01/image-24-300x120.png 300w, /wp-content/uploads/2025/01/image-24-768x307.png 768w" sizes="auto, (max-width: 800px) 100vw, 800px" /></figure>
]]></content:encoded>
					
					<wfw:commentRss>/%f0%9d%97%9b%f0%9d%98%86%f0%9d%97%bd%f0%9d%97%b2%f0%9d%97%bf%f0%9d%97%bd%f0%9d%97%ae%f0%9d%97%bf%f0%9d%97%ae%f0%9d%97%ba%f0%9d%97%b2%f0%9d%98%81%f0%9d%97%b2%f0%9d%97%bf-%f0%9d%97%a7%f0%9d%98%82/feed/</wfw:commentRss>
			<slash:comments>0</slash:comments>
		
		
			</item>
		<item>
		<title>𝗖𝗿𝗼𝘀𝘀-𝗩𝗮𝗹𝗶𝗱𝗮𝘁𝗶𝗼𝗻 𝗧𝗲𝗰𝗵𝗻𝗶𝗾𝘂𝗲𝘀 𝗶𝗻 𝗠𝗮𝗰𝗵𝗶𝗻𝗲 𝗟𝗲𝗮𝗿𝗻𝗶𝗻𝗴: 𝗕𝗲𝘀𝘁 𝗣𝗿𝗮𝗰𝘁𝗶𝗰𝗲𝘀 𝗳𝗼𝗿 𝗥𝗲𝗹𝗶𝗮𝗯𝗹𝗲 𝗠𝗼𝗱𝗲𝗹 𝗘𝘃𝗮𝗹𝘂𝗮𝘁𝗶𝗼𝗻</title>
		<link>/%f0%9d%97%96%f0%9d%97%bf%f0%9d%97%bc%f0%9d%98%80%f0%9d%98%80-%f0%9d%97%a9%f0%9d%97%ae%f0%9d%97%b9%f0%9d%97%b6%f0%9d%97%b1%f0%9d%97%ae%f0%9d%98%81%f0%9d%97%b6%f0%9d%97%bc%f0%9d%97%bb-%f0%9d%97%a7/</link>
					<comments>/%f0%9d%97%96%f0%9d%97%bf%f0%9d%97%bc%f0%9d%98%80%f0%9d%98%80-%f0%9d%97%a9%f0%9d%97%ae%f0%9d%97%b9%f0%9d%97%b6%f0%9d%97%b1%f0%9d%97%ae%f0%9d%98%81%f0%9d%97%b6%f0%9d%97%bc%f0%9d%97%bb-%f0%9d%97%a7/#respond</comments>
		
		<dc:creator><![CDATA[zeyadsayed]]></dc:creator>
		<pubDate>Thu, 23 Jan 2025 14:55:48 +0000</pubDate>
				<category><![CDATA[Uncategorized]]></category>
		<guid isPermaLink="false">/?p=128</guid>

					<description><![CDATA[🔍 𝑳𝒐𝒐𝒌𝒊𝒏𝒈 𝒕𝒐 𝒃𝒐𝒐𝒔𝒕 𝒕𝒉𝒆 𝒑𝒆𝒓𝒇𝒐𝒓𝒎𝒂𝒏𝒄𝒆 𝒂𝒏𝒅 𝒓𝒆𝒍𝒊𝒂𝒃𝒊𝒍𝒊𝒕𝒚 𝒐𝒇 𝒚𝒐𝒖𝒓 𝒎𝒂𝒄𝒉𝒊𝒏𝒆 𝒍𝒆𝒂𝒓𝒏𝒊𝒏𝒈 𝒎𝒐𝒅𝒆𝒍𝒔?Cross-validation is a critical technique for evaluating how well your model generalizes to new, unseen data. It helps to mitigate overfitting and ensures that your model performs consistently across different subsets of data. 𝗧𝘆𝗽𝗲𝘀 𝗼𝗳 𝗖𝗿𝗼𝘀𝘀-𝗩𝗮𝗹𝗶𝗱𝗮𝘁𝗶𝗼𝗻 𝗧𝗲𝗰𝗵𝗻𝗶𝗾𝘂𝗲𝘀:1-𝒌-𝑭𝒐𝒍𝒅 𝑪𝒓𝒐𝒔𝒔-𝑽𝒂𝒍𝒊𝒅𝒂𝒕𝒊𝒐𝒏:Split your data into k equal [&#8230;]]]></description>
										<content:encoded><![CDATA[
<p><img src="https://s.w.org/images/core/emoji/15.0.3/72x72/1f50d.png" alt="🔍" class="wp-smiley" style="height: 1em; max-height: 1em;" /> 𝑳𝒐𝒐𝒌𝒊𝒏𝒈 𝒕𝒐 𝒃𝒐𝒐𝒔𝒕 𝒕𝒉𝒆 𝒑𝒆𝒓𝒇𝒐𝒓𝒎𝒂𝒏𝒄𝒆 𝒂𝒏𝒅 𝒓𝒆𝒍𝒊𝒂𝒃𝒊𝒍𝒊𝒕𝒚 𝒐𝒇 𝒚𝒐𝒖𝒓 𝒎𝒂𝒄𝒉𝒊𝒏𝒆 𝒍𝒆𝒂𝒓𝒏𝒊𝒏𝒈 𝒎𝒐𝒅𝒆𝒍𝒔?<br>Cross-validation is a critical technique for evaluating how well your model generalizes to new, unseen data. It helps to mitigate overfitting and ensures that your model performs consistently across different subsets of data.<br><br>𝗧𝘆𝗽𝗲𝘀 𝗼𝗳 𝗖𝗿𝗼𝘀𝘀-𝗩𝗮𝗹𝗶𝗱𝗮𝘁𝗶𝗼𝗻 𝗧𝗲𝗰𝗵𝗻𝗶𝗾𝘂𝗲𝘀:<br>1-𝒌-𝑭𝒐𝒍𝒅 𝑪𝒓𝒐𝒔𝒔-𝑽𝒂𝒍𝒊𝒅𝒂𝒕𝒊𝒐𝒏:<br>Split your data into k equal parts. For each fold, use one part as the test set and the remaining k-1 parts as the training set. Repeat for each fold to get an average performance score.<br>2-𝑺𝒕𝒓𝒂𝒕𝒊𝒇𝒊𝒆𝒅 𝒌-𝑭𝒐𝒍𝒅 𝑪𝒓𝒐𝒔𝒔-𝑽𝒂𝒍𝒊𝒅𝒂𝒕𝒊𝒐𝒏:<br>Ensures that each fold maintains the proportion of class labels in classification tasks. This is especially useful for imbalanced datasets.<br>3-𝑳𝒆𝒂𝒗𝒆-𝑶𝒏𝒆-𝑶𝒖𝒕 𝑪𝒓𝒐𝒔𝒔-𝑽𝒂𝒍𝒊𝒅𝒂𝒕𝒊𝒐𝒏 (𝑳𝑶𝑶𝑪𝑽):<br>Use all but one data point for training, and the remaining point as the test set. It’s computationally expensive but useful for small datasets.<br>4-𝑳𝒆𝒂𝒗𝒆-𝑷-𝑶𝒖𝒕 𝑪𝒓𝒐𝒔𝒔-𝑽𝒂𝒍𝒊𝒅𝒂𝒕𝒊𝒐𝒏:<br>Similar to LOOCV, but instead of leaving one data point out, you leave p points out for each iteration.<br>5-𝑻𝒊𝒎𝒆 𝑺𝒆𝒓𝒊𝒆𝒔 𝑪𝒓𝒐𝒔𝒔-𝑽𝒂𝒍𝒊𝒅𝒂𝒕𝒊𝒐𝒏:<br>For time-dependent data, you should split your data in a way that respects the temporal order. This means using past data for training and future data for testing.<br><br>𝗪𝗵𝘆 𝗨𝘀𝗲 𝗖𝗿𝗼𝘀𝘀-𝗩𝗮𝗹𝗶𝗱𝗮𝘁𝗶𝗼𝗻?<br><img src="https://s.w.org/images/core/emoji/15.0.3/72x72/2705.png" alt="✅" class="wp-smiley" style="height: 1em; max-height: 1em;" /> Prevents overfitting<br><img src="https://s.w.org/images/core/emoji/15.0.3/72x72/2705.png" alt="✅" class="wp-smiley" style="height: 1em; max-height: 1em;" /> Provides a better estimate of model performance<br><img src="https://s.w.org/images/core/emoji/15.0.3/72x72/2705.png" alt="✅" class="wp-smiley" style="height: 1em; max-height: 1em;" /> Helps in model selection by comparing different models<br>By applying the right cross-validation technique, you can confidently evaluate your models and choose the one that best generalizes to new data.</p>



<figure class="wp-block-image size-full"><img loading="lazy" decoding="async" width="800" height="480" src="/wp-content/uploads/2025/01/image-23.png" alt="" class="wp-image-129" srcset="/wp-content/uploads/2025/01/image-23.png 800w, /wp-content/uploads/2025/01/image-23-300x180.png 300w, /wp-content/uploads/2025/01/image-23-768x461.png 768w" sizes="auto, (max-width: 800px) 100vw, 800px" /></figure>
]]></content:encoded>
					
					<wfw:commentRss>/%f0%9d%97%96%f0%9d%97%bf%f0%9d%97%bc%f0%9d%98%80%f0%9d%98%80-%f0%9d%97%a9%f0%9d%97%ae%f0%9d%97%b9%f0%9d%97%b6%f0%9d%97%b1%f0%9d%97%ae%f0%9d%98%81%f0%9d%97%b6%f0%9d%97%bc%f0%9d%97%bb-%f0%9d%97%a7/feed/</wfw:commentRss>
			<slash:comments>0</slash:comments>
		
		
			</item>
		<item>
		<title>𝗢𝗽𝘁𝗶𝗺𝗶𝘇𝗶𝗻𝗴 𝗧𝗿𝗮𝗶𝗻-𝗧𝗲𝘀𝘁 𝗦𝗽𝗹𝗶𝘁𝘀 𝗳𝗼𝗿 𝗥𝗲𝗹𝗶𝗮𝗯𝗹𝗲 𝗠𝗮𝗰𝗵𝗶𝗻𝗲 𝗟𝗲𝗮𝗿𝗻𝗶𝗻𝗴 𝗠𝗼𝗱𝗲𝗹𝘀: 𝗕𝗲𝘀𝘁 𝗣𝗿𝗮𝗰𝘁𝗶𝗰𝗲𝘀 𝗮𝗻𝗱 𝗧𝗲𝗰𝗵𝗻𝗶𝗾𝘂𝗲𝘀</title>
		<link>/%f0%9d%97%a2%f0%9d%97%bd%f0%9d%98%81%f0%9d%97%b6%f0%9d%97%ba%f0%9d%97%b6%f0%9d%98%87%f0%9d%97%b6%f0%9d%97%bb%f0%9d%97%b4-%f0%9d%97%a7%f0%9d%97%bf%f0%9d%97%ae%f0%9d%97%b6%f0%9d%97%bb-%f0%9d%97%a7/</link>
					<comments>/%f0%9d%97%a2%f0%9d%97%bd%f0%9d%98%81%f0%9d%97%b6%f0%9d%97%ba%f0%9d%97%b6%f0%9d%98%87%f0%9d%97%b6%f0%9d%97%bb%f0%9d%97%b4-%f0%9d%97%a7%f0%9d%97%bf%f0%9d%97%ae%f0%9d%97%b6%f0%9d%97%bb-%f0%9d%97%a7/#respond</comments>
		
		<dc:creator><![CDATA[zeyadsayed]]></dc:creator>
		<pubDate>Thu, 23 Jan 2025 14:54:31 +0000</pubDate>
				<category><![CDATA[Uncategorized]]></category>
		<guid isPermaLink="false">/?p=121</guid>

					<description><![CDATA[Looking to enhance your data science workflows? Mastering train-test split techniques is fundamental for ensuring your models are reliable and generalizable. Properly splitting your data for training and testing can make or break your machine learning projects, regardless of the domain you&#8217;re working in. Why Train-Test Splitting is EssentialTrain-test splitting ensures your model learns patterns [&#8230;]]]></description>
										<content:encoded><![CDATA[
<p>Looking to enhance your data science workflows? Mastering train-test split techniques is fundamental for ensuring your models are reliable and generalizable. Properly splitting your data for training and testing can make or break your machine learning projects, regardless of the domain you&#8217;re working in.<br><br>Why Train-Test Splitting is Essential<br>Train-test splitting ensures your model learns patterns from one dataset (training set) and is evaluated on unseen data (test set), simulating real-world performance. By adopting robust splitting strategies, you minimize risks of overfitting and underfitting, paving the way for accurate predictions.<br><br>Common Train-Test Splitting Techniques<br>1-Random Splits: Quick and Simple<br>Split your data randomly, typically into a 70-30 or 80-20 ratio. While easy to implement, ensure the random split retains the data&#8217;s distribution, especially for imbalanced datasets.<br>2-Stratified Splits: Respecting Class Distributions<br>For classification problems, stratified splitting ensures class proportions in the train and test sets are consistent, preventing biased evaluation metrics.<br>3-Time-Based Splits: Preserving Temporal Order<br>In time series data, random splitting breaks the chronological structure. Instead, split data sequentially to maintain causality between past and future observations.<br><br>Practical Tips for Train-Test Splitting<br>Avoid Data Leakage: Ensure test data remains untouched during model training to prevent artificially inflated performance.<br><br>Validation Splits: Use a validation set in addition to a test set for hyperparameter tuning without compromising test data.<br><br>Cross-Validation: Employ techniques like k-fold cross-validation to make the most of smaller datasets and achieve robust evaluation.<br><br>Holdout Sets: For large datasets, keep a portion as a holdout test set for final evaluation.<br><br>When to Use Alternative Strategies<br>Nested Cross-Validation: When hyperparameter tuning is complex, this approach prevents over-optimistic results.<br><br>Sliding Windows or Expanding Windows: In rolling forecast problems, use these techniques to evaluate models on multiple time horizons.<br><br>Key Metrics of a Reliable Split<br>Consistent Performance: The model performs well on the test set without overfitting.<br><br>Representative Sampling: Test data reflects the underlying data distribution.<br>Reproducibility: Document your splitting method for consistent results in future experiments.<br><br>By mastering train-test splitting techniques, you ensure your models are built on a solid foundation, leading to impactful and trustworthy insights.<br>Whether you&#8217;re building a simple regression model or tackling complex deep learning tasks, a well-designed train-test strategy is your first step to success.</p>



<figure class="wp-block-image size-full"><img loading="lazy" decoding="async" width="800" height="277" src="/wp-content/uploads/2025/01/image-22.png" alt="" class="wp-image-126" srcset="/wp-content/uploads/2025/01/image-22.png 800w, /wp-content/uploads/2025/01/image-22-300x104.png 300w, /wp-content/uploads/2025/01/image-22-768x266.png 768w" sizes="auto, (max-width: 800px) 100vw, 800px" /></figure>
]]></content:encoded>
					
					<wfw:commentRss>/%f0%9d%97%a2%f0%9d%97%bd%f0%9d%98%81%f0%9d%97%b6%f0%9d%97%ba%f0%9d%97%b6%f0%9d%98%87%f0%9d%97%b6%f0%9d%97%bb%f0%9d%97%b4-%f0%9d%97%a7%f0%9d%97%bf%f0%9d%97%ae%f0%9d%97%b6%f0%9d%97%bb-%f0%9d%97%a7/feed/</wfw:commentRss>
			<slash:comments>0</slash:comments>
		
		
			</item>
		<item>
		<title>Mastering ARMA Model Families for Accurate Time Series Forecasting: A Guide to AR, MA, and ARMA Models</title>
		<link>/mastering-arma-model-families-for-accurate-time-series-forecasting-a-guide-to-ar-ma-and-arma-models/</link>
					<comments>/mastering-arma-model-families-for-accurate-time-series-forecasting-a-guide-to-ar-ma-and-arma-models/#respond</comments>
		
		<dc:creator><![CDATA[zeyadsayed]]></dc:creator>
		<pubDate>Thu, 23 Jan 2025 14:54:08 +0000</pubDate>
				<category><![CDATA[Uncategorized]]></category>
		<guid isPermaLink="false">/?p=120</guid>

					<description><![CDATA[Looking to enhance your time series forecasting skills? Dive into ARMA (AutoRegressive Moving Average) models, a core tool for data professionals in finance, economics, and beyond. Understanding the essentials of AutoRegressive (AR) terms, Moving Average (MA) terms, and the combined ARMA model can help you achieve accurate forecasts and unlock insights from complex time-dependent data. [&#8230;]]]></description>
										<content:encoded><![CDATA[
<p>Looking to enhance your time series forecasting skills? Dive into ARMA (AutoRegressive Moving Average) models, a core tool for data professionals in finance, economics, and beyond. Understanding the essentials of AutoRegressive (AR) terms, Moving Average (MA) terms, and the combined ARMA model can help you achieve accurate forecasts and unlock insights from complex time-dependent data.<br><br>AutoRegressive (AR) Terms: Capturing Trends from Past Data<br>The AR component captures relationships between the current and past observations, where AR(p) models use p lags to capture dependencies in previous data. For beginners, starting with AR(1) or AR(2) helps avoid overfitting, gradually increasing if deeper lags offer more value.<br><br>Moving Average (MA) Terms: Learning from Past Errors<br>The MA component captures patterns in the residual errors, revealing the hidden dynamics behind observed values. MA(q) models with low values, such as MA(1) or MA(2), are typically enough to improve predictions without adding unnecessary complexity.<br><br>ARMA Models: Combining AR and MA for Comprehensive Forecasting<br>ARMA models combine both AR and MA terms, incorporating past observations and error patterns, ideal for stationary data with complex temporal dependencies. An ARMA(p, q) model combines p lags and q residual errors for a more nuanced prediction.<br><br>How to Make Data Stationary for ARMA Models<br>ARMA models perform best on stationary data, where the statistical properties (mean, variance, and autocorrelation) remain constant over time. Here’s how to make data stationary:<br><br>1. Differencing: Remove trends by subtracting the previous observation to stabilize the mean.<br>2. Log Transformation: Apply a log transformation to stabilize variance, especially in time series with exponential growth.<br>3. Detrending: Subtract a trend line or rolling average to eliminate trends and isolate cyclical patterns.<br>4. Seasonal Decomposition: Decompose time series with seasonal patterns into trend, seasonality, and residual components for more stable modeling.<br><br>Practical Tips for Effective ARMA Modeling<br><br>1. Check Stationarity: Use the Augmented Dickey-Fuller (ADF) test to ensure the data is stationary.<br>2. Optimize Parameters: Select AR and MA terms based on model selection criteria like AIC or BIC.<br>3. Analyze Residuals: Effective models leave residuals with minimal autocorrelation, indicating a good fit.<br><br>Signs Your ARMA Model is Effective:<br>1. Residuals are nearly random, with minimal autocorrelation.<br>2. Performance on Validation Data is strong, indicating accuracy.<br>3. Efficiency in computation, avoiding overfitting or high resource use.<br><br>By mastering these ARMA modeling concepts and stationarity techniques, you’ll be equipped to forecast complex time series data with precision and confidence.</p>



<figure class="wp-block-image size-full"><img loading="lazy" decoding="async" width="750" height="506" src="/wp-content/uploads/2025/01/image-21.png" alt="" class="wp-image-123" srcset="/wp-content/uploads/2025/01/image-21.png 750w, /wp-content/uploads/2025/01/image-21-300x202.png 300w" sizes="auto, (max-width: 750px) 100vw, 750px" /></figure>
]]></content:encoded>
					
					<wfw:commentRss>/mastering-arma-model-families-for-accurate-time-series-forecasting-a-guide-to-ar-ma-and-arma-models/feed/</wfw:commentRss>
			<slash:comments>0</slash:comments>
		
		
			</item>
		<item>
		<title>Mastering Convolutional Neural Networks (CNNs): Filters, Pooling, and Padding</title>
		<link>/mastering-convolutional-neural-networks-cnns-filters-pooling-and-padding/</link>
					<comments>/mastering-convolutional-neural-networks-cnns-filters-pooling-and-padding/#respond</comments>
		
		<dc:creator><![CDATA[zeyadsayed]]></dc:creator>
		<pubDate>Thu, 23 Jan 2025 14:54:03 +0000</pubDate>
				<category><![CDATA[Uncategorized]]></category>
		<guid isPermaLink="false">/?p=119</guid>

					<description><![CDATA[Convolutional Neural Networks (CNNs) are pivotal in modern computer vision, driving advancements in image recognition and object detection. Understanding three key concepts—filters, pooling, and padding—helps in building efficient models for complex tasks. Filters (or kernels) are essential components that detect features such as edges and textures in images. Early layers capture simple features, while deeper [&#8230;]]]></description>
										<content:encoded><![CDATA[
<p>Convolutional Neural Networks (CNNs) are pivotal in modern computer vision, driving advancements in image recognition and object detection. Understanding three key concepts—filters, pooling, and padding—helps in building efficient models for complex tasks.<br><br>Filters (or kernels) are essential components that detect features such as edges and textures in images. Early layers capture simple features, while deeper layers identify more complex patterns. A useful tip is to start with small filters (e.g., 3&#215;3) to balance detail capture and computational efficiency. As you progress deeper into the network, consider increasing the filter sizes to capture more abstract features.<br><br>Pooling is another critical operation that reduces the spatial dimensions of feature maps, which helps mitigate overfitting and improves computational efficiency. Max pooling retains the dominant features, while average pooling smooths the outputs. For most tasks, using 2&#215;2 max pooling is advisable to retain critical details; however, you can experiment with larger pooling sizes if more aggressive downsampling is needed.<br><br>Padding preserves the input dimensions during convolution. &#8220;Same&#8221; padding keeps the spatial size unchanged, while &#8220;valid&#8221; padding reduces it. A good practice is to use &#8220;same&#8221; padding to maintain the image size, especially in deeper networks where spatial information is crucial. Opt for &#8220;valid&#8221; padding if spatial reduction is desired.<br><br>How to Choose the Best Approach<br><br>&#8211; Filters: Begin with small filters like 3&#215;3 for finer details, and increase the number as you go deeper to capture abstract patterns.<br>&#8211; Pooling: Max pooling is effective for most tasks, but for applications like segmentation, average pooling may yield better results.<br>&#8211; Padding: Use &#8220;same&#8221; padding to preserve image size and boundary information, and &#8220;valid&#8221; padding when downsampling is preferred.<br><br>Additional Tips for Effective CNN Design<br><br>1. Layer Stacking: Start with fewer filters and increase them in deeper layers to capture features at different scales.<br>2. Regularization: Implement dropout layers and batch normalization to prevent overfitting and stabilize training.<br>3. Pre-trained Models: If data is limited, leverage transfer learning from models like ResNet or VGG for strong feature extraction.<br><br>Signs of Effective Use<br><br>&#8211; Feature maps retain key details and accurately classify or detect objects.<br>&#8211; The model performs well on validation data without significant overfitting.<br>&#8211; You observe efficient computation and memory use without sacrificing accuracy.<br><br>By mastering these concepts and techniques, you can enhance your ability to design effective CNN architectures tailored to various computer vision tasks.</p>



<figure class="wp-block-image size-full"><img loading="lazy" decoding="async" width="800" height="357" src="/wp-content/uploads/2025/01/image-20.png" alt="" class="wp-image-122" srcset="/wp-content/uploads/2025/01/image-20.png 800w, /wp-content/uploads/2025/01/image-20-300x134.png 300w, /wp-content/uploads/2025/01/image-20-768x343.png 768w" sizes="auto, (max-width: 800px) 100vw, 800px" /></figure>
]]></content:encoded>
					
					<wfw:commentRss>/mastering-convolutional-neural-networks-cnns-filters-pooling-and-padding/feed/</wfw:commentRss>
			<slash:comments>0</slash:comments>
		
		
			</item>
	</channel>
</rss>
