<?xml version="1.0" encoding="UTF-8"?><rss version="2.0"
	xmlns:content="http://purl.org/rss/1.0/modules/content/"
	xmlns:dc="http://purl.org/dc/elements/1.1/"
	xmlns:atom="http://www.w3.org/2005/Atom"
	xmlns:sy="http://purl.org/rss/1.0/modules/syndication/"
	
	>
<channel>
	<title>
	Comments on: 𝐖𝐡𝐢𝐭𝐞 𝐁𝐨𝐱 𝐯𝐬. 𝐁𝐥𝐚𝐜𝐤 𝐁𝐨𝐱 𝐌𝐨𝐝𝐞𝐥𝐬 𝐢𝐧 𝐌𝐚𝐜𝐡𝐢𝐧𝐞 𝐋𝐞𝐚𝐫𝐧𝐢𝐧𝐠	</title>
	<atom:link href="/%F0%9D%90%96%F0%9D%90%A1%F0%9D%90%A2%F0%9D%90%AD%F0%9D%90%9E-%F0%9D%90%81%F0%9D%90%A8%F0%9D%90%B1-%F0%9D%90%AF%F0%9D%90%AC-%F0%9D%90%81%F0%9D%90%A5%F0%9D%90%9A%F0%9D%90%9C%F0%9D%90%A4-%F0%9D%90%81/feed/" rel="self" type="application/rss+xml" />
	<link>/%f0%9d%90%96%f0%9d%90%a1%f0%9d%90%a2%f0%9d%90%ad%f0%9d%90%9e-%f0%9d%90%81%f0%9d%90%a8%f0%9d%90%b1-%f0%9d%90%af%f0%9d%90%ac-%f0%9d%90%81%f0%9d%90%a5%f0%9d%90%9a%f0%9d%90%9c%f0%9d%90%a4-%f0%9d%90%81/</link>
	<description></description>
	<lastBuildDate>Thu, 23 Jan 2025 14:48:46 +0000</lastBuildDate>
	<sy:updatePeriod>
	hourly	</sy:updatePeriod>
	<sy:updateFrequency>
	1	</sy:updateFrequency>
	<generator>https://wordpress.org/?v=6.7.1</generator>
</channel>
</rss>
