<?xml version="1.0" encoding="UTF-8"?><rss version="2.0"
	xmlns:content="http://purl.org/rss/1.0/modules/content/"
	xmlns:dc="http://purl.org/dc/elements/1.1/"
	xmlns:atom="http://www.w3.org/2005/Atom"
	xmlns:sy="http://purl.org/rss/1.0/modules/syndication/"
	
	>
<channel>
	<title>
	Comments on: 𝗢𝗽𝘁𝗶𝗺𝗶𝘇𝗶𝗻𝗴 𝗧𝗿𝗮𝗶𝗻-𝗧𝗲𝘀𝘁 𝗦𝗽𝗹𝗶𝘁𝘀 𝗳𝗼𝗿 𝗥𝗲𝗹𝗶𝗮𝗯𝗹𝗲 𝗠𝗮𝗰𝗵𝗶𝗻𝗲 𝗟𝗲𝗮𝗿𝗻𝗶𝗻𝗴 𝗠𝗼𝗱𝗲𝗹𝘀: 𝗕𝗲𝘀𝘁 𝗣𝗿𝗮𝗰𝘁𝗶𝗰𝗲𝘀 𝗮𝗻𝗱 𝗧𝗲𝗰𝗵𝗻𝗶𝗾𝘂𝗲𝘀	</title>
	<atom:link href="/%F0%9D%97%A2%F0%9D%97%BD%F0%9D%98%81%F0%9D%97%B6%F0%9D%97%BA%F0%9D%97%B6%F0%9D%98%87%F0%9D%97%B6%F0%9D%97%BB%F0%9D%97%B4-%F0%9D%97%A7%F0%9D%97%BF%F0%9D%97%AE%F0%9D%97%B6%F0%9D%97%BB-%F0%9D%97%A7/feed/" rel="self" type="application/rss+xml" />
	<link>/%f0%9d%97%a2%f0%9d%97%bd%f0%9d%98%81%f0%9d%97%b6%f0%9d%97%ba%f0%9d%97%b6%f0%9d%98%87%f0%9d%97%b6%f0%9d%97%bb%f0%9d%97%b4-%f0%9d%97%a7%f0%9d%97%bf%f0%9d%97%ae%f0%9d%97%b6%f0%9d%97%bb-%f0%9d%97%a7/</link>
	<description></description>
	<lastBuildDate>Thu, 23 Jan 2025 14:54:31 +0000</lastBuildDate>
	<sy:updatePeriod>
	hourly	</sy:updatePeriod>
	<sy:updateFrequency>
	1	</sy:updateFrequency>
	<generator>https://wordpress.org/?v=6.7.1</generator>
</channel>
</rss>
