<?xml version="1.0" encoding="UTF-8"?><rss version="2.0"
	xmlns:content="http://purl.org/rss/1.0/modules/content/"
	xmlns:dc="http://purl.org/dc/elements/1.1/"
	xmlns:atom="http://www.w3.org/2005/Atom"
	xmlns:sy="http://purl.org/rss/1.0/modules/syndication/"
	
	>
<channel>
	<title>
	Comments on: Mastering Convolutional Neural Networks (CNNs): Filters, Pooling, and Padding	</title>
	<atom:link href="/mastering-convolutional-neural-networks-cnns-filters-pooling-and-padding/feed/" rel="self" type="application/rss+xml" />
	<link>/mastering-convolutional-neural-networks-cnns-filters-pooling-and-padding/</link>
	<description></description>
	<lastBuildDate>Thu, 23 Jan 2025 14:54:03 +0000</lastBuildDate>
	<sy:updatePeriod>
	hourly	</sy:updatePeriod>
	<sy:updateFrequency>
	1	</sy:updateFrequency>
	<generator>https://wordpress.org/?v=6.7.1</generator>
</channel>
</rss>
