<?xml version="1.0" encoding="UTF-8"?><rss version="2.0"
	xmlns:content="http://purl.org/rss/1.0/modules/content/"
	xmlns:dc="http://purl.org/dc/elements/1.1/"
	xmlns:atom="http://www.w3.org/2005/Atom"
	xmlns:sy="http://purl.org/rss/1.0/modules/syndication/"
	
	>
<channel>
	<title>
	Comments on: 𝐌𝐚𝐬𝐭𝐞𝐫𝐢𝐧𝐠 𝐃𝐫𝐨𝐩𝐨𝐮𝐭, 𝐁𝐚𝐭𝐜𝐡 𝐍𝐨𝐫𝐦𝐚𝐥𝐢𝐳𝐚𝐭𝐢𝐨𝐧, 𝐚𝐧𝐝 𝐊𝐞𝐫𝐧𝐞𝐥 𝐑𝐞𝐠𝐮𝐥𝐚𝐫𝐢𝐳𝐚𝐭𝐢𝐨𝐧 𝐢𝐧 𝐍𝐞𝐮𝐫𝐚𝐥 𝐍𝐞𝐭𝐰𝐨𝐫𝐤𝐬	</title>
	<atom:link href="/%F0%9D%90%8C%F0%9D%90%9A%F0%9D%90%AC%F0%9D%90%AD%F0%9D%90%9E%F0%9D%90%AB%F0%9D%90%A2%F0%9D%90%A7%F0%9D%90%A0-%F0%9D%90%83%F0%9D%90%AB%F0%9D%90%A8%F0%9D%90%A9%F0%9D%90%A8%F0%9D%90%AE%F0%9D%90%AD/feed/" rel="self" type="application/rss+xml" />
	<link>/%f0%9d%90%8c%f0%9d%90%9a%f0%9d%90%ac%f0%9d%90%ad%f0%9d%90%9e%f0%9d%90%ab%f0%9d%90%a2%f0%9d%90%a7%f0%9d%90%a0-%f0%9d%90%83%f0%9d%90%ab%f0%9d%90%a8%f0%9d%90%a9%f0%9d%90%a8%f0%9d%90%ae%f0%9d%90%ad/</link>
	<description></description>
	<lastBuildDate>Thu, 23 Jan 2025 14:52:24 +0000</lastBuildDate>
	<sy:updatePeriod>
	hourly	</sy:updatePeriod>
	<sy:updateFrequency>
	1	</sy:updateFrequency>
	<generator>https://wordpress.org/?v=6.7.1</generator>
</channel>
</rss>
