<?xml version="1.0" encoding="UTF-8"?><rss version="2.0"
	xmlns:content="http://purl.org/rss/1.0/modules/content/"
	xmlns:dc="http://purl.org/dc/elements/1.1/"
	xmlns:atom="http://www.w3.org/2005/Atom"
	xmlns:sy="http://purl.org/rss/1.0/modules/syndication/"
	
	>
<channel>
	<title>
	Comments on: 𝗧𝗵𝗲 𝗕𝗶𝗮𝘀-𝗩𝗮𝗿𝗶𝗮𝗻𝗰𝗲 𝗧𝗿𝗮𝗱𝗲𝗼𝗳𝗳 𝗶𝗻 𝗠𝗮𝗰𝗵𝗶𝗻𝗲 𝗟𝗲𝗮𝗿𝗻𝗶𝗻𝗴: 𝗦𝘁𝗿𝗶𝗸𝗶𝗻𝗴 𝘁𝗵𝗲 𝗥𝗶𝗴𝗵𝘁 𝗕𝗮𝗹𝗮𝗻𝗰𝗲	</title>
	<atom:link href="/%F0%9D%97%A7%F0%9D%97%B5%F0%9D%97%B2-%F0%9D%97%95%F0%9D%97%B6%F0%9D%97%AE%F0%9D%98%80-%F0%9D%97%A9%F0%9D%97%AE%F0%9D%97%BF%F0%9D%97%B6%F0%9D%97%AE%F0%9D%97%BB%F0%9D%97%B0%F0%9D%97%B2-%F0%9D%97%A7/feed/" rel="self" type="application/rss+xml" />
	<link>/%f0%9d%97%a7%f0%9d%97%b5%f0%9d%97%b2-%f0%9d%97%95%f0%9d%97%b6%f0%9d%97%ae%f0%9d%98%80-%f0%9d%97%a9%f0%9d%97%ae%f0%9d%97%bf%f0%9d%97%b6%f0%9d%97%ae%f0%9d%97%bb%f0%9d%97%b0%f0%9d%97%b2-%f0%9d%97%a7/</link>
	<description></description>
	<lastBuildDate>Thu, 23 Jan 2025 14:59:51 +0000</lastBuildDate>
	<sy:updatePeriod>
	hourly	</sy:updatePeriod>
	<sy:updateFrequency>
	1	</sy:updateFrequency>
	<generator>https://wordpress.org/?v=6.7.1</generator>
</channel>
</rss>
